email,full_name,practice,level,location
reese.garcia@example.com,Reese Garcia,Frontend Engineering,L5,Poland
nico.brown@example.com,Nico Brown,Frontend Engineering,L3,Poland
casey.white@example.com,Casey White,Data Engineering,L5,Germany
sage.brown@example.com,Sage Brown,Platform Engineering,L7,Poland
blake.kim@example.com,Blake Kim,Data Engineering,L10,Germany
lennox.thomas@example.com,Lennox Thomas,Frontend Engineering,L6,United Kingdom
taylor.jones@example.com,Taylor Jones,Frontend Engineering,L9,Canada
rowan.chen@example.com,Rowan Chen,Data Engineering,L3,Poland
max.johnson@example.com,Max Johnson,ML Engineering,L2,Canada
avery.harris@example.com,Avery Harris,Backend Engineering,L7,Germany
taylor.garcia@example.com,Taylor Garcia,Data Engineering,L4,Germany
phoenix.kim@example.com,Phoenix Kim,Backend Engineering,L1,Poland
blake.anderson@example.com,Blake Anderson,Frontend Engineering,L3,Canada
casey.johnson@example.com,Casey Johnson,ML Engineering,L4,Poland
morgan.jones@example.com,Morgan Jones,Backend Engineering,L7,United Kingdom
parker.jackson@example.com,Parker Jackson,ML Engineering,L5,United Kingdom
river.patel@example.com,River Patel,Frontend Engineering,L2,United Kingdom
nico.white@example.com,Nico White,Data Engineering,L8,Germany
phoenix.johnson@example.com,Phoenix Johnson,Backend Engineering,L4,Poland
emery.jones@example.com,Emery Jones,ML Engineering,L4,United Kingdom
jordan.garcia@example.com,Jordan Garcia,Data Engineering,L5,United States
sage.davis@example.com,Sage Davis,Frontend Engineering,L4,Canada
eden.chen@example.com,Eden Chen,Frontend Engineering,L4,Germany
sage.jones@example.com,Sage Jones,Platform Engineering,L7,United States
val.martinez@example.com,Val Martinez,Frontend Engineering,L5,Canada
jamie.johnson@example.com,Jamie Johnson,Data Engineering,L3,Poland
sam.smith@example.com,Sam Smith,ML Engineering,L4,Poland
phoenix.martinez@example.com,Phoenix Martinez,Frontend Engineering,L2,Poland
nico.harris@example.com,Nico Harris,Backend Engineering,L1,Canada
jordan.wilson@example.com,Jordan Wilson,ML Engineering,L3,Canada
skyler.garcia@example.com,Skyler Garcia,ML Engineering,L7,Canada
west.garcia@example.com,West Garcia,Backend Engineering,L4,Canada
reese.brown@example.com,Reese Brown,ML Engineering,L2,United Kingdom
riley.thomas@example.com,Riley Thomas,Backend Engineering,L5,United States
casey.jones@example.com,Casey Jones,Platform Engineering,L6,Germany
quinn.lee@example.com,Quinn Lee,ML Engineering,L6,Germany
reese.thomas@example.com,Reese Thomas,Frontend Engineering,L8,United States
avery.garcia@example.com,Avery Garcia,Data Engineering,L6,United Kingdom
sage.kim@example.com,Sage Kim,Frontend Engineering,L6,Germany
harper.garcia@example.com,Harper Garcia,Frontend Engineering,L5,Poland
casey.clark@example.com,Casey Clark,Frontend Engineering,L6,United Kingdom
riley.harris@example.com,Riley Harris,Platform Engineering,L4,United Kingdom
taylor.taylor@example.com,Taylor Taylor,Backend Engineering,L3,Canada
west.williams@example.com,West Williams,Backend Engineering,L10,Germany
jamie.white@example.com,Jamie White,Frontend Engineering,L10,Poland
phoenix.smith@example.com,Phoenix Smith,Backend Engineering,L5,Germany
kai.patel@example.com,Kai Patel,Frontend Engineering,L6,United States
phoenix.davis@example.com,Phoenix Davis,Platform Engineering,L6,United States
sam.jones@example.com,Sam Jones,Frontend Engineering,L3,Poland
jamie.brown@example.com,Jamie Brown,Backend Engineering,L3,Poland
nico.wilson@example.com,Nico Wilson,Data Engineering,L6,United Kingdom
avery.lee@example.com,Avery Lee,Backend Engineering,L4,Germany
west.white@example.com,West White,Backend Engineering,L9,Canada
emery.kim@example.com,Emery Kim,Frontend Engineering,L4,United States
reese.anderson@example.com,Reese Anderson,Frontend Engineering,L6,Germany
river.martinez@example.com,River Martinez,Platform Engineering,L5,Germany
taylor.anderson@example.com,Taylor Anderson,Data Engineering,L6,Canada
alex.brown@example.com,Alex Brown,Platform Engineering,L6,Poland
jamie.wilson@example.com,Jamie Wilson,Backend Engineering,L6,Poland
casey.kim@example.com,Casey Kim,Frontend Engineering,L6,Germany
harper.anderson@example.com,Harper Anderson,ML Engineering,L7,Canada
jordan.harris@example.com,Jordan Harris,Data Engineering,L7,United Kingdom
phoenix.white@example.com,Phoenix White,ML Engineering,L8,United Kingdom
alex.johnson@example.com,Alex Johnson,Platform Engineering,L7,Germany
riley.clark@example.com,Riley Clark,Data Engineering,L5,Canada
jordan.chen@example.com,Jordan Chen,Backend Engineering,L7,United States
harper.chen@example.com,Harper Chen,Platform Engineering,L4,Canada
frankie.jackson@example.com,Frankie Jackson,Platform Engineering,L3,Germany
morgan.kim@example.com,Morgan Kim,ML Engineering,L6,Canada
lennox.kim@example.com,Lennox Kim,Frontend Engineering,L6,United Kingdom
parker.thomas@example.com,Parker Thomas,ML Engineering,L5,United Kingdom
sage.clark@example.com,Sage Clark,ML Engineering,L9,Poland
morgan.clark@example.com,Morgan Clark,Data Engineering,L9,United Kingdom
val.thomas@example.com,Val Thomas,Data Engineering,L7,Canada
west.johnson@example.com,West Johnson,Frontend Engineering,L10,Poland
val.jones@example.com,Val Jones,Platform Engineering,L6,United Kingdom
jamie.jackson@example.com,Jamie Jackson,ML Engineering,L6,Germany
jordan.jones@example.com,Jordan Jones,ML Engineering,L3,Germany
harper.clark@example.com,Harper Clark,ML Engineering,L2,Canada
max.jackson@example.com,Max Jackson,ML Engineering,L3,United Kingdom
max.davis@example.com,Max Davis,ML Engineering,L5,Canada
kai.brown@example.com,Kai Brown,Backend Engineering,L5,Canada
skyler.martinez@example.com,Skyler Martinez,ML Engineering,L6,Poland
blake.patel@example.com,Blake Patel,Frontend Engineering,L2,Germany
sage.anderson@example.com,Sage Anderson,Backend Engineering,L4,Canada
cameron.thomas@example.com,Cameron Thomas,Data Engineering,L6,Germany
west.wilson@example.com,West Wilson,Backend Engineering,L5,Poland
eden.harris@example.com,Eden Harris,Platform Engineering,L5,United Kingdom
riley.johnson@example.com,Riley Johnson,Frontend Engineering,L3,Canada
skyler.clark@example.com,Skyler Clark,ML Engineering,L5,Poland
cameron.anderson@example.com,Cameron Anderson,ML Engineering,L4,United States
avery.smith@example.com,Avery Smith,ML Engineering,L5,United States
jamie.williams@example.com,Jamie Williams,Backend Engineering,L2,Canada
quinn.wilson@example.com,Quinn Wilson,Data Engineering,L6,Poland
lennox.patel@example.com,Lennox Patel,Frontend Engineering,L5,Canada
emery.davis@example.com,Emery Davis,Data Engineering,L5,Canada
val.taylor@example.com,Val Taylor,Platform Engineering,L6,Canada
quinn.white@example.com,Quinn White,ML Engineering,L5,Germany
cameron.jones@example.com,Cameron Jones,Data Engineering,L4,United Kingdom
sam.kim@example.com,Sam Kim,Data Engineering,L2,Poland
drew.thomas@example.com,Drew Thomas,Platform Engineering,L6,Germany
max.patel@example.com,Max Patel,ML Engineering,L4,Canada
river.smith@example.com,River Smith,Backend Engineering,L7,Canada
drew.kim@example.com,Drew Kim,Data Engineering,L2,United States
jamie.jones@example.com,Jamie Jones,ML Engineering,L5,Canada
rowan.thomas@example.com,Rowan Thomas,Data Engineering,L5,Germany
riley.davis@example.com,Riley Davis,Platform Engineering,L5,United States
skyler.lee@example.com,Skyler Lee,Backend Engineering,L5,Poland
jamie.taylor@example.com,Jamie Taylor,Frontend Engineering,L5,Poland
eden.williams@example.com,Eden Williams,Frontend Engineering,L6,United States
avery.patel@example.com,Avery Patel,Data Engineering,L10,Canada
avery.martinez@example.com,Avery Martinez,Data Engineering,L4,Germany
val.white@example.com,Val White,ML Engineering,L3,Germany
jordan.brown@example.com,Jordan Brown,Platform Engineering,L6,Poland
rowan.williams@example.com,Rowan Williams,ML Engineering,L8,United Kingdom
drew.martinez@example.com,Drew Martinez,ML Engineering,L4,Poland
skyler.thomas@example.com,Skyler Thomas,Platform Engineering,L5,Germany
casey.smith@example.com,Casey Smith,Platform Engineering,L5,Poland
lennox.smith@example.com,Lennox Smith,Platform Engineering,L3,Poland
frankie.white@example.com,Frankie White,Frontend Engineering,L5,United States
rowan.kim@example.com,Rowan Kim,Backend Engineering,L6,Canada
drew.taylor@example.com,Drew Taylor,Platform Engineering,L6,Poland
kai.williams@example.com,Kai Williams,ML Engineering,L5,United States
alex.jones@example.com,Alex Jones,Backend Engineering,L5,United States
skyler.white@example.com,Skyler White,Backend Engineering,L5,Germany
jamie.garcia@example.com,Jamie Garcia,Backend Engineering,L4,Poland
drew.jones@example.com,Drew Jones,Backend Engineering,L8,Germany
eden.kim@example.com,Eden Kim,Backend Engineering,L5,United Kingdom
sam.white@example.com,Sam White,Platform Engineering,L4,Canada
skyler.jackson@example.com,Skyler Jackson,Data Engineering,L4,United Kingdom
jamie.lee@example.com,Jamie Lee,Frontend Engineering,L4,Germany
drew.white@example.com,Drew White,Platform Engineering,L5,Canada
riley.wilson@example.com,Riley Wilson,ML Engineering,L8,Canada
drew.garcia@example.com,Drew Garcia,ML Engineering,L3,United Kingdom
eden.anderson@example.com,Eden Anderson,Data Engineering,L4,United Kingdom
avery.white@example.com,Avery White,Data Engineering,L10,United States
skyler.williams@example.com,Skyler Williams,Data Engineering,L6,Germany
eden.lee@example.com,Eden Lee,Backend Engineering,L8,United Kingdom
sam.davis@example.com,Sam Davis,ML Engineering,L5,Poland
drew.harris@example.com,Drew Harris,ML Engineering,L5,Germany
nico.thomas@example.com,Nico Thomas,ML Engineering,L3,United Kingdom
casey.wilson@example.com,Casey Wilson,Backend Engineering,L1,United Kingdom
eden.garcia@example.com,Eden Garcia,Platform Engineering,L5,United States
parker.johnson@example.com,Parker Johnson,Data Engineering,L4,United States
parker.clark@example.com,Parker Clark,Backend Engineering,L3,Poland
reese.clark@example.com,Reese Clark,Platform Engineering,L4,United States
rowan.patel@example.com,Rowan Patel,Frontend Engineering,L4,Canada
reese.kim@example.com,Reese Kim,Platform Engineering,L3,United Kingdom
lennox.jackson@example.com,Lennox Jackson,Platform Engineering,L5,Canada
emery.patel@example.com,Emery Patel,Data Engineering,L4,United States
max.martinez@example.com,Max Martinez,ML Engineering,L6,United Kingdom
max.anderson@example.com,Max Anderson,Backend Engineering,L2,Canada
emery.chen@example.com,Emery Chen,Frontend Engineering,L5,United Kingdom
jamie.kim@example.com,Jamie Kim,Backend Engineering,L4,United States
quinn.smith@example.com,Quinn Smith,Frontend Engineering,L2,United Kingdom
sam.williams@example.com,Sam Williams,Data Engineering,L3,Poland
alex.kim@example.com,Alex Kim,Data Engineering,L5,Germany
blake.brown@example.com,Blake Brown,Frontend Engineering,L6,Poland
kai.white@example.com,Kai White,Data Engineering,L9,United States
avery.williams@example.com,Avery Williams,ML Engineering,L8,United States
sam.wilson@example.com,Sam Wilson,Frontend Engineering,L4,Germany
drew.johnson@example.com,Drew Johnson,ML Engineering,L3,Germany
west.thomas@example.com,West Thomas,Frontend Engineering,L5,Canada
jordan.johnson@example.com,Jordan Johnson,ML Engineering,L5,United Kingdom
quinn.williams@example.com,Quinn Williams,Frontend Engineering,L6,Germany
riley.anderson@example.com,Riley Anderson,Backend Engineering,L6,Poland
reese.johnson@example.com,Reese Johnson,Data Engineering,L2,United States
harper.kim@example.com,Harper Kim,Frontend Engineering,L5,United Kingdom
river.taylor@example.com,River Taylor,Frontend Engineering,L2,Poland
eden.jackson@example.com,Eden Jackson,Backend Engineering,L4,Germany
morgan.patel@example.com,Morgan Patel,Backend Engineering,L8,United States
west.clark@example.com,West Clark,ML Engineering,L5,Poland
nico.clark@example.com,Nico Clark,ML Engineering,L4,Poland
phoenix.garcia@example.com,Phoenix Garcia,Platform Engineering,L5,Germany
sam.jackson@example.com,Sam Jackson,Backend Engineering,L6,United States
sage.chen@example.com,Sage Chen,Data Engineering,L7,Germany
sage.lee@example.com,Sage Lee,ML Engineering,L5,Poland
phoenix.wilson@example.com,Phoenix Wilson,Backend Engineering,L2,United Kingdom
reese.davis@example.com,Reese Davis,Backend Engineering,L10,United Kingdom
rowan.martinez@example.com,Rowan Martinez,Frontend Engineering,L4,United States
kai.smith@example.com,Kai Smith,Backend Engineering,L7,Poland
casey.thomas@example.com,Casey Thomas,Data Engineering,L6,Poland
drew.patel@example.com,Drew Patel,Data Engineering,L6,United States
river.davis@example.com,River Davis,Backend Engineering,L6,Canada
lennox.davis@example.com,Lennox Davis,Data Engineering,L3,United States
frankie.brown@example.com,Frankie Brown,Platform Engineering,L4,United States
sage.jackson@example.com,Sage Jackson,Backend Engineering,L4,United States
max.thomas@example.com,Max Thomas,Data Engineering,L5,United Kingdom
eden.johnson@example.com,Eden Johnson,ML Engineering,L7,United States
riley.garcia@example.com,Riley Garcia,Frontend Engineering,L5,Canada
frankie.wilson@example.com,Frankie Wilson,Frontend Engineering,L6,Germany
sam.clark@example.com,Sam Clark,Data Engineering,L3,Poland
drew.williams@example.com,Drew Williams,Platform Engineering,L5,United States
max.white@example.com,Max White,Frontend Engineering,L5,United Kingdom
sam.anderson@example.com,Sam Anderson,Platform Engineering,L4,Germany
quinn.garcia@example.com,Quinn Garcia,Backend Engineering,L1,United States
kai.jackson@example.com,Kai Jackson,ML Engineering,L9,Poland
west.smith@example.com,West Smith,Data Engineering,L10,Germany
lennox.white@example.com,Lennox White,Platform Engineering,L5,United States
sage.patel@example.com,Sage Patel,Data Engineering,L6,Canada
